Date,Section,Title,Sentiment Score,Sentiment Interpretation,Web url
31/10/2024,Business,Rachel Reeves’s most irritating manifesto fudge: private equity’s tax loophole | Nils Pratley,0.9835,Positive,https://www.theguardian.com/business/nils-pratley-on-finance/2024/oct/31/rachel-reeves-most-irritating-manifesto-fudge-private-equitys-tax-loophole
31/10/2024,Business,How private equity convinced Labour to go easy on its multimillion pound tax perk,0.9993,Positive,https://www.theguardian.com/business/2024/oct/31/how-private-equity-convinced-labour-to-go-easy-on-its-multimillion-pound-tax-perk
31/10/2024,Business,UK’s borrowing costs rise as Reeves’s budget prompts fears of slower interest rate cuts,0.9083,Positive,https://www.theguardian.com/business/2024/oct/31/uks-borrowing-costs-rise-as-reevess-budget-prompts-fears-of-slower-interest-rate-cuts
31/10/2024,Business,Stellantis reports slump in car sales as European demand falls,-0.8934,Negative,https://www.theguardian.com/business/2024/oct/31/stellantis-sell-fewer-cars-lower-demand-europe-electric
31/10/2024,Business,Volvo Cars to buy out Northvolt from jointly owned gigafactory in Sweden,0.9935,Positive,https://www.theguardian.com/business/2024/oct/31/volvo-cars-buy-out-northvolt-gigafactory-sweden-electric-car-battery-technologies
31/10/2024,Business,Shell calls for certainty over North Sea future after UK raises windfall tax on energy profits,0.996,Positive,https://www.theguardian.com/business/2024/oct/31/shell-investments-in-renewable-energy-drop-spending-budget
31/10/2024,Business,"US inflation falls to 2.1%, almost hitting Federal Reserve target",-0.1531,Negative,https://www.theguardian.com/business/2024/oct/31/us-inflation-report
31/10/2024,Business,Lloyds shareholders could take £1bn hit over car finance crisis,-0.7481,Negative,https://www.theguardian.com/business/2024/oct/31/lloyds-shareholders-could-take-hit-over-car-finance-crisis
31/10/2024,Business,"Reeves’s £40bn tax rises will boost growth ‘sustainably’, says IMF",0.9811,Positive,https://www.theguardian.com/business/2024/oct/31/reeves-tax-rises-will-boost-growth-sustainably-says-imf
31/10/2024,Business,Could you be entitled to a payout after court ruling on car finance?,0.9901,Positive,https://www.theguardian.com/business/2024/oct/31/car-finance-payouts-commission-payments-court-ruling
31/10/2024,Business,Woolworths employee on $26 an hour confronts board at AGM over millions paid to executives,0.9836,Positive,https://www.theguardian.com/business/2024/oct/31/woolworths-employee-confronts-board-agm-executives-salaries
31/10/2024,Business,"Optus sold vulnerable Australian customers phone plans they couldn’t afford, ACCC alleges",0.7435,Positive,https://www.theguardian.com/business/2024/oct/31/optus-accc-unconscionable-conduct-claims-indigenous-customers
13/10/2024,Business,"Rachel Reeves must keep promise to ease business rates burden, say retailers",0.9238,Positive,https://www.theguardian.com/business/2024/oct/14/rachel-reeves-must-keep-promise-ease-business-rates-burden-retailers
13/10/2024,Business,Spanish shipbuilder Navantia in exclusive talks to buy Harland & Wolff,0.9795,Positive,https://www.theguardian.com/business/2024/oct/13/spanish-shipbuilder-navantia-in-exclusive-negotiations-to-buy-harland-wolff
13/10/2024,Business,Labour push for growth spurs Sky appeal against block on film studios expansion,0.2846,Positive,https://www.theguardian.com/business/2024/oct/13/labour-push-for-growth-spurs-sky-appeal-against-block-on-film-studios-expansion
13/10/2024,Business,Labour’s new green rules for big companies face resistance in the City,0.9934,Positive,https://www.theguardian.com/business/2024/oct/13/labours-new-green-rules-for-big-companies-face-resistance-in-the-city
13/10/2024,Business,China’s plan to boost flagging growth is the very definition of economic insanity | George Magnus,0.9919,Positive,https://www.theguardian.com/business/2024/oct/13/chinas-plan-to-boost-flagging-growth-is-the-very-definition-of-economic-insanity
13/10/2024,Business,Labour’s challenge is complicated by the triumph of finance. That’s bad news for UK plc | Larry Elliott,0.9885,Positive,https://www.theguardian.com/business/2024/oct/13/labours-economic-challenge-isnt-simple-it-must-curb-city-power-and-keep-it-on-board
13/10/2024,Business,"P&O Ferries not rogue, says business secretary after cabinet rift",0.8804,Positive,https://www.theguardian.com/business/2024/oct/13/p-and-o-ferries-not-rogue-says-business-secretary-after-cabinet-rift
13/10/2024,Business,‘Very concerning’: BP dilutes net zero targets as global retreat from green standards gathers pace,0.9959,Positive,https://www.theguardian.com/business/2024/oct/13/very-concerning-bp-dilutes-net-zero-targets-as-global-retreat-from-green-standards-gathers-pace
13/10/2024,Business,The EU needs Britain as much as Britain needs it. Where is Starmer’s solidarity? | William Keegan,-0.3954,Negative,https://www.theguardian.com/business/2024/oct/13/the-eu-needs-britain-as-much-as-britain-needs-it-where-is-starmers-solidarity
05/10/2024,Business,Less haste more speed will win Labour the race to fix 21st-century Britain,0.9731,Positive,https://www.theguardian.com/business/2024/oct/05/less-haste-more-speed-will-win-labour-the-race-to-fix-21st-century-britain
05/10/2024,Business,"British food firms lobbied to defer £1.7bn plastic packaging tax, documents reveal ",0.6428,Positive,https://www.theguardian.com/business/2024/oct/05/british-food-firms-lobbied-to-defer-17bn-plastic-packaging-tax-documents-reveal
05/10/2024,Business,Travel industry’s hopes soar despite fears about overtourism,0.9904,Positive,https://www.theguardian.com/business/2024/oct/05/travel-industrys-hopes-soar-despite-fears-about-overtourism
05/10/2024,Business,Superdry boss: ‘Shein should pay tax in a fair way or there will be UK bankruptcies’,0.9976,Positive,https://www.theguardian.com/business/2024/oct/05/superdry-boss-julian-dunkerton-brexit
17/10/2024,Business,Netflix to double profits after adding millions of subscribers in three months,0.9902,Positive,https://www.theguardian.com/business/2024/oct/17/netflix-profits-double-subscriber-growth
17/10/2024,Business,"New ‘buy now, pay later’ rules to protect UK shoppers from 2026",0.9944,Positive,https://www.theguardian.com/business/2024/oct/17/new-buy-now-pay-later-rules-to-protect-uk-shoppers-from-2026
17/10/2024,Business,ECB cuts interest rates to support flagging eurozone economy,0.9736,Positive,https://www.theguardian.com/business/2024/oct/17/european-central-bank-cuts-interest-rates-inflation-falls-below-2-percent-eurozone
17/10/2024,Business,"Hike in capital gains tax will spark tech exodus from UK, investor says",0.9976,Positive,https://www.theguardian.com/business/2024/oct/17/capital-gains-tax-tech-entrepreneurs-exodus-uk-investor
17/10/2024,Business,This woodworker perfected her craft during a summer of racial justice protest,0.9978,Positive,https://www.theguardian.com/business/2024/oct/17/she-slangs-wood-woodworking-milwaukee
17/10/2024,Business,Paul Johnson to leave influential IFS economics thinktank,0.9948,Positive,https://www.theguardian.com/business/2024/oct/17/ifs-paul-johnson-institute-for-fiscal-studies-thinktank
17/10/2024,Business,Simply Be owner N Brown agrees £191m takeover by founding Alliance family member,0.9868,Positive,https://www.theguardian.com/business/2024/oct/17/fashion-retailer-n-brown-agrees-191m-takeover-founding-alliance-family-member
17/10/2024,Business,US group Advent International ‘preparing bid for Tate & Lyle’,0.9788,Positive,https://www.theguardian.com/business/2024/oct/16/us-group-advent-international-preparing-bid-for-tate-lyle
17/10/2024,Business,‘Shop like our nan!’ Call for supermarket ban on plastic packaging for fresh goods ,-0.9819,Negative,https://www.theguardian.com/business/2024/oct/17/shop-like-our-nan-call-for-supermarket-ban-on-plastic-packaging-for-fresh-goods
17/10/2024,Business,Here’s a rabbit for the chancellor’s hat: scrap stamp duty on shares | Nils Pratley,0.9875,Positive,https://www.theguardian.com/business/nils-pratley-on-finance/2024/oct/17/heres-a-rabbit-for-the-chancellors-hat-scrap-stamp-duty-on-shares
17/10/2024,Business,Strong Australian jobs figures lower expectations of pre-Christmas interest rate cut,0.7612,Positive,https://www.theguardian.com/business/2024/oct/17/australia-unemployment-rate-september-2024-rba-interest-rates
26/10/2024,Business,Qantas’ tumultuous era might be behind it – but some say Alan Joyce’s ghost still lingers ,-0.9589,Negative,https://www.theguardian.com/business/2024/oct/27/qantas-financial-results-agm-profits-shares
26/10/2024,Business,Ministers urged to cut ties with P&O Ferries owner over links to Russia ,0.7362,Positive,https://www.theguardian.com/business/2024/oct/26/p-and-o-ferries-owner-dp-world-russia-links
26/10/2024,Business,The sickness trap: how Barnsley has tried to fight back against worklessness,0.9858,Positive,https://www.theguardian.com/business/2024/oct/26/the-sickness-trap-how-barnsley-has-tried-to-fight-back-against-worklessness
26/10/2024,Business,John Lewis opens new-look beauty hall as temples of pampering return to high street,0.9986,Positive,https://www.theguardian.com/business/2024/oct/26/john-lewis-opens-new-look-beauty-hall-as-temples-of-pampering-return-to-high-street
03/10/2024,Business,Revealed: CEO at heart of US ports strike made crude attacks on Biden and Democrats,-0.9719,Negative,https://www.theguardian.com/business/2024/oct/03/port-strike-usmx-biden-democrats
03/10/2024,Business,Tesco is unbeatable when it concentrates on the day job | Nils Pratley,0.9864,Positive,https://www.theguardian.com/business/nils-pratley-on-finance/2024/oct/03/tesco-is-unbeatable-when-it-concentrates-on-the-day-job
03/10/2024,Business,Depression and closed shops: Port Talbot residents fear impact of blast furnace closure,-0.9896,Negative,https://www.theguardian.com/business/2024/oct/03/depression-and-closed-shops-port-talbot-residents-fear-impact-of-blast-furnace-closure
03/10/2024,Business,Sterling drops after Bank of England boss hints at ‘aggressive’ rate cuts,-0.9845,Negative,https://www.theguardian.com/business/2024/oct/03/sterling-pound-bank-of-england-andrew-bailey-aggressive-interest-rate-cuts-inflation
03/10/2024,Business,Tesco boss says new workers’ rights laws must not hurt growth,0.9961,Positive,https://www.theguardian.com/business/2024/oct/03/tesco-workers-rights-laws-growth-bill-zero-hours-contracts
03/10/2024,Business,Unresolved water complaints in England and Wales rise to near-decade high,-0.9877,Negative,https://www.theguardian.com/business/2024/oct/03/unresolved-complaints-water-firms-england-wales
03/10/2024,Business,‘Very serious’: Bank of England governor warns of Middle East oil shock risk,-0.7221,Negative,https://www.theguardian.com/business/2024/oct/03/its-tragic-bank-of-england-governor-watching-middle-east-crisis-closely
03/10/2024,Business,IMF backs RBA not cutting interest rates and says phasing out tax breaks for property investors would be ‘equitable’,0.989,Positive,https://www.theguardian.com/business/2024/oct/03/australia-interest-rate-cuts-rba-imf-report-2024
04/10/2024,Business,Wetherspoon’s boss calls academics’ smaller beer glass proposal ‘slightly daft’,-0.9822,Negative,https://www.theguardian.com/business/2024/oct/04/wetherspoons-boss-tim-martin-calls-academics-smaller-beer-glass-proposal-slightly-daft
04/10/2024,Business,A mother and daughter reimagined the Korean hanbok. Now they’re dressing the San Diego Padres,0.9917,Positive,https://www.theguardian.com/business/2024/oct/04/leehwa-wedding-and-hanbok-mother-daughter
04/10/2024,Business,Bank of England chief economist urges caution over interest rate cuts,-0.9686,Negative,https://www.theguardian.com/business/2024/oct/04/bank-of-england-chief-economist-urges-caution-over-interest-rate-cuts
04/10/2024,Business,Euston station’s big advertising screens turned off after overcrowding fears,0.9859,Positive,https://www.theguardian.com/business/2024/oct/04/euston-station-advertising-screens-network-rail
04/10/2024,Business,EU leaders back extra Chinese EV tariffs despite split vote,-0.9717,Negative,https://www.theguardian.com/business/2024/oct/04/eu-chinese-ev-tariffs-split-vote-germany-car-firms
04/10/2024,Business,"US adds over 250,000 jobs in September, defying fears of slowdown",-0.6801,Negative,https://www.theguardian.com/business/2024/oct/04/us-jobs-report-september
04/10/2024,Business,‘They would have just been fired’: bankers on drug- and sex-fuelled drama Industry,0.8722,Positive,https://www.theguardian.com/business/2024/oct/04/they-would-have-just-been-fired-bankers-on-drug--and-sex-fuelled-drama-industry
04/10/2024,Business,Barratt’s £2.5bn takeover of Redrow given go-ahead by UK regulator,0.9652,Positive,https://www.theguardian.com/business/2024/oct/04/barratt-takeover-of-redrow-given-go-ahead-by-uk-regulator
04/10/2024,Business,Hundreds of Qantas customers caught in frequent flyer cyber theft,-0.4588,Negative,https://www.theguardian.com/business/2024/oct/04/hundreds-of-qantas-customers-caught-in-frequent-flyer-cyber-theft
20/10/2024,Business,"Number of homes sold in UK up by a third, says Rightmove",0.9931,Positive,https://www.theguardian.com/business/2024/oct/21/number-of-homes-sold-in-uk-up-by-a-third-says-rightmove
20/10/2024,Business,Water companies raise bonuses to £9.1m despite record sewage discharges,0.9832,Positive,https://www.theguardian.com/business/2024/oct/20/water-companies-raise-bonuses-record-sewage-discharges
20/10/2024,Business,Sky’s full-year losses double to £224m as revenue flatlines,0.8225,Positive,https://www.theguardian.com/business/2024/oct/20/sky-doubles-operating-losses-to-224m-in-2023-as-revenue-flatlines
20/10/2024,Business,Jane Street Capital: the trader paying its interns more than Keir Starmer,0.9888,Positive,https://www.theguardian.com/business/2024/oct/20/jane-street-who-are-the-traders-paying-interns-more-than-keir-starmer
20/10/2024,Business,Having good manners in the office doesn’t need a policy,-0.9671,Negative,https://www.theguardian.com/business/2024/oct/20/manners-office-policy
20/10/2024,Business,Debt will overshadow IMF gathering as World Bank boss pleads for poorest countries,-0.9367,Negative,https://www.theguardian.com/business/2024/oct/20/debt-will-overshadow-imf-gathering-as-world-bank-boss-pleads-for-poorest-countries
20/10/2024,Business,Degrowth has an image problem it desperately needs to overcome | Larry Elliott,0.9632,Positive,https://www.theguardian.com/business/2024/oct/20/degrowth-image-problem-solve-planet-climate
20/10/2024,Business,"Don’t let under-18s join pop bands, says leading songwriter after Liam Payne’s death",0.9858,Positive,https://www.theguardian.com/business/2024/oct/20/dont-let-under-18s-join-pop-bands-says-leading-songwriter-after-liam-paynes-death
20/10/2024,Business,Is China cannibalising the EU car industry?,-0.9918,Negative,https://www.theguardian.com/business/2024/oct/20/is-china-cannibalising-the-eu-car-industry
10/10/2024,Business,Green energy firms promise more than £24bn of new investment in Britain,0.9961,Positive,https://www.theguardian.com/business/2024/oct/10/green-energy-firms-promise-more-than-24bn-of-private-investment-in-britian
10/10/2024,Business,Ikea says cutting prices ‘remains a priority’ after UK sales slide,0.7003,Positive,https://www.theguardian.com/business/2024/oct/10/ikea-price-cutting-priority-uk-sales-slide
10/10/2024,Business,September inflation lowest in three years as price growth continued decline,0.9659,Positive,https://www.theguardian.com/business/2024/oct/10/september-inflation-declines
10/10/2024,Business,Sanjeev Gupta prosecuted for failing to file accounts for more than 70 companies,-0.9906,Negative,https://www.theguardian.com/business/2024/oct/10/sanjeev-gupta-prosecuted-failing-file-accounts-steel
10/10/2024,Business,Unilever sells Russian business after pressure from campaigners,0.8426,Positive,https://www.theguardian.com/business/2024/oct/10/unilever-sells-russian-business-after-pressure-from-campaigners
10/10/2024,Business,‘You’re a girl?’ The duo taking on the male-dominated plastering world,0.994,Positive,https://www.theguardian.com/business/2024/oct/10/kamp-studios-interior-design-plasterwork
10/10/2024,Business,New HSBC boss ‘ready to cut jobs of senior bankers to save $300m’,0.9932,Positive,https://www.theguardian.com/business/2024/oct/10/new-hsbc-boss-ready-to-axe-senior-bankers
10/10/2024,Business,Slash and burn: is private equity out of control? ,0.9996,Positive,https://www.theguardian.com/business/2024/oct/10/slash-and-burn-is-private-equity-out-of-control
10/10/2024,Business,"On the climate crisis, housing and more, politicians avoid clarity because it demands action | Greg Jericho",0.9883,Positive,https://www.theguardian.com/business/grogonomics/2024/oct/10/on-the-climate-crisis-housing-and-more-politicians-avoid-clarity-because-it-demands-action
10/10/2024,Business,"Global petrol price spike due to Middle East conflict to hit Australian motorists, Jim Chalmers warns",-0.9286,Negative,https://www.theguardian.com/business/2024/oct/10/middle-east-conflict-petrol-prices-spike-australia-israel-iran-lebanon-war
22/10/2024,Business,Putin returns to world stage hosting 36 leaders at Brics summit in Russia,0.9962,Positive,https://www.theguardian.com/business/2024/oct/22/putin-brics-summit-russia-china-india-iran-kazan
22/10/2024,Business,New Water Commission must create an environmental enforcer that is feared,0.9786,Positive,https://www.theguardian.com/business/nils-pratley-on-finance/2024/oct/22/new-water-commission-must-create-an-environmental-enforcer-that-is-feared
22/10/2024,Business,Former Abercrombie CEO out on $10m bond amid sex-trafficking investigation,-0.9839,Negative,https://www.theguardian.com/business/2024/oct/22/former-abercrombie-ceo-arrested-sex-trafficking
22/10/2024,Business,IMF warns Trump trade tariffs could dent global economy as it upgrades UK outlook,0.9905,Positive,https://www.theguardian.com/business/2024/oct/22/imf-forecasts-faster-growth-for-uk-economy
22/10/2024,Business,‘Stop all time wasting’: Woolworths workers tracked and timed under new efficiency crackdown,-0.9936,Negative,https://www.theguardian.com/business/2024/oct/23/woolworths-staff-efficiency-productivity-crackdown-timed
22/10/2024,Business,‘I wanted both sides of the business to be as intimate as being in bed’: tech entrepreneur William Reeve,0.9918,Positive,https://www.theguardian.com/business/2024/oct/22/i-wanted-both-sides-of-the-business-to-be-as-intimate-as-being-in-bed-tech-entrepreneur-william-reeve
22/10/2024,Business, While the IMF is upbeat about global growth it knows where dangers lurk,-0.9819,Negative,https://www.theguardian.com/business/2024/oct/22/imf-upbeat-global-growth-dangers-lurk
22/10/2024,Business,"Rail, water, energy: the big projects likely to be in Rachel Reeves’ budget",0.9954,Positive,https://www.theguardian.com/business/2024/oct/22/rail-water-energy-the-big-projects-likely-to-be-in-rachel-reeves-budget
22/10/2024,Business,Mulberry rejects fresh bid from Mike Ashley’s Frasers Group as ‘untenable’,0.9214,Positive,https://www.theguardian.com/business/2024/oct/22/mulberry-rejects-increased-bid-from-mike-ashley-frasers-group-as-untenable
22/10/2024,Business,HSBC splits operations into east and west divisions in major overhaul,0.9926,Positive,https://www.theguardian.com/business/2024/oct/22/hsbc-divides-into-four-business-in-major-overhaul-of-operations
22/10/2024,Business,Treasury warns of difficult decisions in budget after September borrowing rise,-0.9098,Negative,https://www.theguardian.com/business/2024/oct/22/treasury-warns-of-difficult-decisions-in-budget-after-september-borrowing-rise
22/10/2024,Business,Regulators urged to examine UK business dealings with Bangladeshi ex-minister,0.9314,Positive,https://www.theguardian.com/business/2024/oct/22/regulators-urged-to-examine-uk-business-dealings-with-bangladeshi-ex-minister
22/10/2024,Business,Indie brewers ditch ‘craft beer’ tag as drinkers are ‘misled’ by global brands,0.9451,Positive,https://www.theguardian.com/business/2024/oct/22/indie-brewers-ditch-craft-beer-tag-as-drinkers-are-misled-by-global-brands
22/10/2024,Business,"Yes, review HS2’s ‘dire’ delivery – but contract renegotiation matters more",-0.6428,Negative,https://www.theguardian.com/business/nils-pratley-on-finance/2024/oct/22/yes-review-hs2s-dire-delivery-but-contract-renegotiation-matters-more
18/10/2024,Business,Care home chain Care UK sold to US property investment company,0.9918,Positive,https://www.theguardian.com/business/2024/oct/18/uk-care-uk-sold-us-property-investment-company-welltower
18/10/2024,Business,Are you better off than four years ago? Why US voters should – but can’t – say yes,0.2098,Positive,https://www.theguardian.com/business/2024/oct/18/us-voters-economy-inflation-growth-presidential-election
18/10/2024,Business,Boohoo boss to step down as review launched that could spark breakup,0.9032,Positive,https://www.theguardian.com/business/2024/oct/18/boohoo-boss-to-step-down-as-retailer-launches-brand-review-that-could-spark-breakup
18/10/2024,Business,Most of Bella Freud’s Marks & Spencer collection sells out in a day,0.9714,Positive,https://www.theguardian.com/business/2024/oct/18/bella-freuds-marks-spencer-collection-sells-out-in-a-day
18/10/2024,Business,This couple has re-created the sights and smells of a Senegalese market in Brooklyn: ‘Experiences keep people coming back’,0.9824,Positive,https://www.theguardian.com/business/2024/oct/18/rue-dix-brooklyn-cafe-market
18/10/2024,Business,Retail sales growth slows in Great Britain despite tech spending lift,0.9959,Positive,https://www.theguardian.com/business/2024/oct/18/retail-sales-growth-slows-in-great-britain-despite-tech-spending-lift
18/10/2024,Business,Companies House to stop fraudsters joining up under fake names like ‘Darth Vader’,-0.9949,Negative,https://www.theguardian.com/business/2024/oct/18/companies-house-to-stop-fraudsters-signing-up-under-fake-names-like-darth-vader
29/10/2024,Business,Trump’s Truth Social valued at more than Musk’s X after extraordinary rally,0.8957,Positive,https://www.theguardian.com/business/2024/oct/29/truth-social-trading-suspended
29/10/2024,Business,Starbucks tells corporate workers to return to office or risk being fired,0.9008,Positive,https://www.theguardian.com/business/2024/oct/29/starbucks-return-to-office-mandate
29/10/2024,Business,"Authorities need to act over ‘high-end food fraud’, says scammed salmon firm",-0.9886,Negative,https://www.theguardian.com/business/2024/oct/29/authorities-need-to-act-over-high-end-food-says-scammed-salmon-firm
29/10/2024,Business,Investors need clarity on BP policy not boss’s weak promises,0.9915,Positive,https://www.theguardian.com/business/nils-pratley-on-finance/2024/oct/29/investors-need-clarity-on-bp-policy-not-bosss-weak-promises
29/10/2024,Business,McDonald’s posts biggest decline in global sales in four years,-0.7222,Negative,https://www.theguardian.com/business/2024/oct/29/mcdonalds-posts-biggest-decline-in-global-sales-in-four-years
29/10/2024,Business,BP posts weakest quarterly profits in almost four years amid lower oil prices,0.9531,Positive,https://www.theguardian.com/business/2024/oct/29/bp-profits-lower-oil-prices-energy-refinery-business
29/10/2024,Business,Jon and Sam Stannah: the father and son taking the British stairlift manufacturer to the next level ,0.9984,Positive,https://www.theguardian.com/business/2024/oct/29/jon-and-sam-stannah-the-father-and-son-taking-the-british-stairlift-manufacturer-to-the-next-level
29/10/2024,Business,Number of UK mortgage approvals at highest level since 2022 mini-budget,0.9419,Positive,https://www.theguardian.com/business/2024/oct/29/uk-mortgage-approvals-highest-level-2022-mini-budget
29/10/2024,Business,"Petrol and food prices will fall thanks to oil glut, says World Bank",0.9073,Positive,https://www.theguardian.com/business/2024/oct/29/petrol-food-prices-oil-glut-world-bank-china
29/10/2024,Business,HSBC denies breakup plan as it launches $3bn share buyback,0.9908,Positive,https://www.theguardian.com/business/2024/oct/29/hsbc-share-buyback-profits-bank
29/10/2024,Business,Santander UK delays results as it considers landmark car loan ruling,0.9387,Positive,https://www.theguardian.com/business/2024/oct/29/santander-uk-delays-results-car-loan-ruling-bank
29/10/2024,Business,JPMorgan sues customers over alleged fraud linked to TikTok viral glitch,-0.985,Negative,https://www.theguardian.com/business/2024/oct/29/jpmorgan-sues-customers-glitch-tiktok-bank-atm-checks
29/10/2024,Business,"Post-Brexit border checks putting food security at risk, produce sellers warn",0.893,Positive,https://www.theguardian.com/business/2024/oct/29/post-brexit-border-checks-putting-food-security-at-risk-produce-sellers-warn
29/10/2024,Business,Lower shop prices boost prospect of Bank of England rate cut,0.5994,Positive,https://www.theguardian.com/business/2024/oct/29/shop-prices-lower-bank-of-england-rate-cut-
08/10/2024,Business,UK advertising watchdog cracks down on misleading broadband price ads,0.8316,Positive,https://www.theguardian.com/business/2024/oct/09/uk-advertising-watchdog-cracks-down-on-misleading-broadband-price-ads
08/10/2024,Business,Channel 4 chiefs should not be taking bonuses while indies try to survive,0.9945,Positive,https://www.theguardian.com/business/nils-pratley-on-finance/2024/oct/08/channel-4-chiefs-should-not-be-taking-bonuses-while-indies-try-to-survive
08/10/2024,Business,Red letter day for postal deliveries,0.9625,Positive,https://www.theguardian.com/business/2024/oct/08/red-letter-day-for-postal-deliveries
08/10/2024,Business,SFO and mining firm ENRC agree settlement over legal claims,-0.1452,Negative,https://www.theguardian.com/business/2024/oct/08/sfo-and-mining-firm-enrc-agree-settlement
08/10/2024,Business,Water companies in England and Wales told to pay £158m penalty to customers,0.446,Positive,https://www.theguardian.com/business/2024/oct/08/water-companies-england-wales-penalty-ofwat-bills
08/10/2024,Business,Controversial Sydney airport slot system faces government crackdown,-0.9547,Negative,https://www.theguardian.com/world/2024/oct/08/controversial-sydney-airport-slot-system-faces-government-crackdown
08/10/2024,Business,"Many of Australia’s top car sellers are collecting and sharing driver data, Choice investigation finds",0.9395,Positive,https://www.theguardian.com/australia-news/2024/oct/09/many-of-australias-top-car-sellers-collect-share-driver-data-choice-investigation
08/10/2024,Business,Shein doubles profits in UK after sales leap 40% to £1.5bn,0.9802,Positive,https://www.theguardian.com/business/2024/oct/08/shein-doubles-profits-uk-sales-ipo-fashion-retailer-boohoo-asos
08/10/2024,Business,"Go-Ahead transport group orders 1,200 ‘green buses’ from Wrightbus",0.9901,Positive,https://www.theguardian.com/business/2024/oct/08/go-ahead-transport-group-orders-1200-green-buses-from-wrightbus
08/10/2024,Business,Saudi wealth fund buys 40% stake in Selfridges department store,0.9851,Positive,https://www.theguardian.com/business/2024/oct/08/saudi-wealth-fund-buys-stake-selfridges-department-store
08/10/2024,Business,Housebuilder Vistry loses more than £1bn in value after profit warning,0.9816,Positive,https://www.theguardian.com/business/2024/oct/08/vistry-shares-plunge-profit-warning-ftse-100-building-costs
08/10/2024,Business,Oasis ticket sales push UK non-essential spending to highest level this year,0.995,Positive,https://www.theguardian.com/business/2024/oct/08/oasis-ticket-sales-uk-spending-retail-sales-barclays-brc
08/10/2024,Business,‘Contrite’ Qantas to pay $120m for selling already cancelled flights as landmark settlement confirmed,0.4939,Positive,https://www.theguardian.com/business/2024/oct/08/qantas-accc-cancelled-flights-settlement
27/10/2024,Business,OBR to publish breakdown of claimed £22bn ‘black hole’ on budget day,0.9402,Positive,https://www.theguardian.com/business/2024/oct/27/obr-to-publish-breakdown-of-claimed-22bn-black-hole-on-budget-day
27/10/2024,Business,Rachel Reeves could make it easier for pubs to sell beers from local breweries,0.9833,Positive,https://www.theguardian.com/business/2024/oct/27/rachel-reeves-could-easier-pubs-sell-beers-local-breweries
27/10/2024,Business,The long-awaited Labour budget needs to show the party knows what to do with power | Larry Elliott,0.9935,Positive,https://www.theguardian.com/business/2024/oct/27/labour-budget-raising-tax-spending-borrowing
24/10/2024,Business,"City firms rarely dock pay for misconduct, FCA survey finds",-0.9905,Negative,https://www.theguardian.com/business/2024/oct/25/city-firms-rarely-dock-pay-misconduct-fca-survey
24/10/2024,Business,"Onions are likely source of deadly McDonald’s E Coli outbreak, USDA says",-0.91,Negative,https://www.theguardian.com/us-news/2024/oct/24/onions-recall-mcdonalds-e-coli-outbreak
24/10/2024,Business,Boohoo was already a governance mess. Enter Mike Ashley for extra complexity,0.9843,Positive,https://www.theguardian.com/business/nils-pratley-on-finance/2024/oct/24/boohoo-was-already-a-governance-mess-enter-mike-ashley-for-extra-complexity
24/10/2024,Business,Secondhand Prada and cooking lessons? John Lewis gambles £800m on store makeovers,0.9965,Positive,https://www.theguardian.com/business/2024/oct/24/secondhand-prada-and-cooking-lessons-john-lewis-gambles-800m-on-store-makeovers
24/10/2024,Business,"Shoplifting offences in England and Wales at highest level on record, ONS figures show",-0.9988,Negative,https://www.theguardian.com/business/2024/oct/24/shoplifting-offences-in-england-and-wales-at-highest-level-on-record-ons-figures-show
24/10/2024,Business,UK’s borrowing costs rise on news that Reeves is changing fiscal rules,0.6807,Positive,https://www.theguardian.com/business/2024/oct/24/uks-borrowing-costs-rise-on-news-that-reeve-is-changing-fiscal-rules
24/10/2024,Business,"Boeing workers vote to reject deal to end strike, union says",-0.878,Negative,https://www.theguardian.com/business/2024/oct/24/boeing-strike-workers-reject-deal
24/10/2024,Business,Frasers Group calls for Mike Ashley to replace Boohoo chief,-0.968,Negative,https://www.theguardian.com/business/2024/oct/24/frasers-group-mike-ashley-replace-boohoo-chief-executive-retail
24/10/2024,Business,Who does Woolworths' tracking and timing of its workers serve? It’s certainly not the customers | Samantha Floreani,0.9781,Positive,https://www.theguardian.com/business/commentisfree/2024/oct/24/who-does-woolworths-tracking-and-timing-of-its-workers-serve-its-certainly-not-the-customers
15/10/2024,Business,"UK employer national insurance hike threatens jobs and pay rises, firms warn",0.9772,Positive,https://www.theguardian.com/business/2024/oct/15/rise-in-employer-national-insurance-ni-business-budget-tax-change
15/10/2024,Business,Boeing seeks to raise up to $25bn through stock and debt offering,0.9532,Positive,https://www.theguardian.com/business/2024/oct/15/boeing-stock-and-debt-offering-credit-agreement-strikes
15/10/2024,Business,Is it really possible to fly ‘carbon neutral’ with Qantas? A greenwashing complaint to the ACCC hopes to find out,0.9825,Positive,https://www.theguardian.com/business/2024/oct/16/qantas-greenwashing-complaint-accc-carbon-neutral-tickets
15/10/2024,Business,"Water firms ‘laying groundwork’ to appeal against Ofwat bill rise cap, says Moody’s",0.9075,Positive,https://www.theguardian.com/business/2024/oct/15/water-firms-england-wales-appeal-ofwat-cma
15/10/2024,Business,"Wars, debt, climate crisis and Covid have halted anti-poverty fight – World Bank",-0.8564,Negative,https://www.theguardian.com/business/2024/oct/15/wars-debt-climate-crisis-covid-poverty-world-bank
15/10/2024,Business,BMW chief says EU combustion engine ban will shrink car industry,-0.9448,Negative,https://www.theguardian.com/business/2024/oct/15/bmw-chief-eu-combustion-engine-ban-car-industry
15/10/2024,Business,Fenwick department store chain reports seventh year of losses,-0.8271,Negative,https://www.theguardian.com/business/2024/oct/15/fenwick-department-store-chain-losses-bond-street-newcastle
15/10/2024,Business,‘The UK is at the back of the race of turtles’: Sanofi’s boss on the need to develop new medicines,0.9925,Positive,https://www.theguardian.com/business/2024/oct/15/the-uk-is-at-the-back-of-the-race-of-turtles-sanofis-boss-on-the-need-to-develop-new-medicines
15/10/2024,Business,‘Barberry and saffron’: bakery startup bringing a taste of Iran to Brooklyn,0.9969,Positive,https://www.theguardian.com/food/2024/oct/15/iranian-bakery-brooklyn-bibi-hbk
15/10/2024,Business,Oil price slides amid China slowdown and easing Middle East fears,-0.9217,Negative,https://www.theguardian.com/business/2024/oct/15/oil-price-falls-china-middle-east-brent-crude-opec
15/10/2024,Business,Bellway hails planning changes as councils get £68m for brownfield homes,0.993,Positive,https://www.theguardian.com/business/2024/oct/15/bellway-planning-councils-brownfield-homes-profits
15/10/2024,Business,"Pay growth in Great Britain falls below 5%, making interest rate cut more likely",0.9852,Positive,https://www.theguardian.com/business/2024/oct/15/uk-pay-growth-falls-interest-rate-cut-unemployment-rate
15/10/2024,Business,Cooling labour market adds to Reeves’s tax-raising dilemma,0.9698,Positive,https://www.theguardian.com/business/2024/oct/15/rachel-reeves-tax-labour-market-employer-national-insurance-contributions
25/10/2024,Business,Seventy-five infected as cases rise in US E coli outbreak linked to McDonald’s,-0.992,Negative,https://www.theguardian.com/business/2024/oct/25/mcdonalds-e-coli-outbreak
25/10/2024,Business,Victims of Brazil’s worst environmental disaster to pursue claim in UK despite $31bn settlement,-0.9971,Negative,https://www.theguardian.com/business/2024/oct/25/victims-of-brazils-worst-environmental-disaster-to-pursue-claim-in-uk-despite-settlement
25/10/2024,Business,Rachel Reeves basks in IMF backing for UK budget rules overhaul,0.9944,Positive,https://www.theguardian.com/business/2024/oct/25/rachel-reeves-basks-in-imf-backing-for-uk-budget-rules-overhaul
25/10/2024,Business,"Cheesemakers in shock as £300,000 of produce stolen in sophisticated scam",0.9923,Positive,https://www.theguardian.com/business/2024/oct/25/cheesemakers-in-shock-as-300000-of-produce-stolen-in-sophisticated-scam
25/10/2024,Business,"Brexit has put £370m a year on price of power from EU since 2021, experts say",0.9924,Positive,https://www.theguardian.com/business/2024/oct/25/brexit-has-put-370m-a-year-on-price-of-power-from-eu-since-2021-experts-say
25/10/2024,Business,Struggling Thames Water pushes for £3bn lifeline with cash due to run out in December,0.9923,Positive,https://www.theguardian.com/business/2024/oct/25/struggling-thames-water-pushes-for-lifeline
25/10/2024,Business,Consumers win UK car finance case that could lead to billions in compensation,0.7504,Positive,https://www.theguardian.com/business/2024/oct/25/consumers-win-uk-car-finance-case-could-billions-compensation
25/10/2024,Business,Founder of easyJet takes punt on gambling with launch of EasyBet,0.9846,Positive,https://www.theguardian.com/business/2024/oct/25/easygroup-partners-with-offshore-firm-in-punt-on-online-sports-betting
25/10/2024,Business,Labour to announce plans for five new UK freeports in budget,0.996,Positive,https://www.theguardian.com/business/2024/oct/25/new-uk-freeports-budget-labour-starmer
25/10/2024,Business,NatWest urges Reeves to ‘get balance right’ when changing debt rules,0.9734,Positive,https://www.theguardian.com/business/2024/oct/25/natwest-urges-reeves-to-get-balance-right-when-changing-debt-rules
25/10/2024,Business,Boohoo rejects criticism from Frasers Group as ‘inaccurate and unfair’,-0.6798,Negative,https://www.theguardian.com/business/2024/oct/25/boohoo-rejects-criticism-from-frasers-group-as-inaccurate-and-unfair
19/10/2024,Business,Ministers explore plan to hand Post Office to subpostmasters,0.5187,Positive,https://www.theguardian.com/business/2024/oct/19/ministers-explore-plan-to-hand-post-office-to-subpostmasters
19/10/2024,Business,Boeing strike may end if workers agree to 35% pay raise in upcoming vote,0.9628,Positive,https://www.theguardian.com/business/2024/oct/19/boeing-strike-vote-pay-raise
19/10/2024,Business,"If you let Google have your data, why not the NHS? | Phillip Inman",0.9929,Positive,https://www.theguardian.com/business/2024/oct/19/if-you-let-google-have-your-data-why-not-the-nhs
19/10/2024,Business,‘They’re killing us’: Aberdeen braces for end to North Sea oil as clean energy plan takes shape,0.9968,Positive,https://www.theguardian.com/business/2024/oct/19/theyre-killing-us-aberdeen-braces-for-end-to-north-sea-oil-as-clean-energy-plan-takes-shape
19/10/2024,Business,‘They’ve taken the heart out of Bolton’: the demise of the UK shopping centre,0.989,Positive,https://www.theguardian.com/business/2024/oct/19/demise-uk-shopping-centre-bolton-crompton-place
19/10/2024,Business,"Quarter of UK summit investment came before Labour win, analysis suggests",0.9905,Positive,https://www.theguardian.com/business/2024/oct/19/uk-international-investment-summit-labour-government
07/10/2024,Business,Winter blackouts risk in Great Britain ‘lowest in four years’ despite end of coal,0.9841,Positive,https://www.theguardian.com/business/2024/oct/08/winter-blackouts-risk-great-britain-energy-neso
07/10/2024,Business,BP ‘abandoning plan to cut oil output’ angers green groups,0.8985,Positive,https://www.theguardian.com/business/2024/oct/07/bp-abandoning-plan-to-cut-oil-output-angers-green-groups
07/10/2024,Business,"Warren and Dean demand Coke, Pepsi and General Mills stop ‘shrinkflation’",0.6513,Positive,https://www.theguardian.com/business/2024/oct/07/elizabeth-warren-madeleine-dean-shrinkflation-coke-pepsi-general-mills
07/10/2024,Business,"TGI Fridays secures rescue deal but more than 1,000 UK jobs lost",0.9188,Positive,https://www.theguardian.com/business/2024/oct/07/tgi-fridays-secures-rescue-deal-but-more-than-1000-uk-jobs-lost
07/10/2024,Business,John Lewis Partnership axes chief executive role under new chair,0.7461,Positive,https://www.theguardian.com/business/2024/oct/07/john-lewis-partnership-chief-executive-nish-kankiwala-john-tarry
07/10/2024,Business,Southern Water seeks to borrow up to £4bn from investors,0.8658,Positive,https://www.theguardian.com/business/2024/oct/07/southern-water-borrow-utility-companies-thames
07/10/2024,Business,"UK’s £22bn carbon capture pledge follows surge in lobbying by fossil fuel industry, records show",0.9879,Positive,https://www.theguardian.com/business/2024/oct/07/uks-22bn-carbon-capture-pledge-follows-surge-in-lobbying-by-fossil-fuel-industry-records-show
07/10/2024,Business,Charging customers for energy based on location ‘could harm UK industry’,0.9976,Positive,https://www.theguardian.com/business/2024/oct/07/zonal-energy-pricing-plan-uk-industry-trade-groups-ed-miliband
07/10/2024,Business,‘I’ve fallen out with people’: the bruising debate over UK zonal energy pricing,0.9983,Positive,https://www.theguardian.com/money/2024/oct/07/ive-fallen-out-with-people-the-bruising-debate-over-uk-zonal-energy-pricing
07/10/2024,Business,Qantas apologises after R-rated movie played to passengers on Sydney to Tokyo flight,0.9524,Positive,https://www.theguardian.com/business/2024/oct/07/qantas-r-rated-movie-flight-daddio-apology
07/10/2024,Business,UK steel industry calls for protectionist measures over glut driven by China,-0.5647,Negative,https://www.theguardian.com/business/2024/oct/07/uk-steel-industry-calls-for-protectionist-measures-over-glut-driven-by-china
06/10/2024,Business,More than 70 retailers urge Reeves to make 20% cut to business rates,0.9688,Positive,https://www.theguardian.com/business/2024/oct/07/more-than-70-retailers-urge-reeves-to-make-cut-to-business-rates
06/10/2024,Business,"TGI Fridays ‘close to rescue deal’ that could save more than 2,000 UK jobs",0.984,Positive,https://www.theguardian.com/business/2024/oct/06/tgi-fridays-close-to-rescue-deal-that-could-save-more-than-2000-uk-jobs
06/10/2024,Business,Wine sellers warn of price rises as new tax regime looms,0.9137,Positive,https://www.theguardian.com/business/2024/oct/06/wine-sellers-campaign-against-looming-alcohol-duty-plan
06/10/2024,Business,UK charities fear first-class stamp price rise will mean fewer Christmas cards sent,0.9705,Positive,https://www.theguardian.com/business/2024/oct/06/charities-fear-first-class-stamp-price-rise-will-mean-fewer-christmas-cards-sent-royal-mail
06/10/2024,Business,‘It’s decimated’: Rayner faces a battle to boost Britain’s social housing ,0.9983,Positive,https://www.theguardian.com/business/2024/oct/06/its-decimated-rayner-faces-a-battle-to-boost-britains-social-housing
06/10/2024,Business,Labour must ensure benefits of future growth are shared equally across Britain | Larry Elliott,0.9928,Positive,https://www.theguardian.com/business/2024/oct/06/labour-must-ensure-benefits-of-future-growth-are-shared-equally-across-britain
23/10/2024,Business,Reeves to announce major change to fiscal rules releasing £50bn for spending,0.9809,Positive,https://www.theguardian.com/business/2024/oct/23/reeves-to-announce-major-change-to-fiscal-rules-releasing-50bn-for-spending
23/10/2024,Business,The new Starbucks boss is serving up froth and platitudes,0.9517,Positive,https://www.theguardian.com/business/nils-pratley-on-finance/2024/oct/23/the-new-starbucks-boss-is-serving-up-froth-and-platitudes
23/10/2024,Business,Frasers Group criticises management of Mulberry after ditching takeover plans,-0.8062,Negative,https://www.theguardian.com/business/2024/oct/23/frasers-group-criticises-management-of-mulberry-ditch-takeover-plans
23/10/2024,Business,Sausage rolls meet £425 Cristal at Greggs champagne bar in Newcastle,0.9966,Positive,https://www.theguardian.com/business/2024/oct/23/sausage-rolls-cristal-greggs-champagne-bar-newcastle-fenwick
23/10/2024,Business,Australia’s unemployment figures are a reason for joy – even if it means waiting for the next interest rate cut | Grogonomics,-0.9862,Negative,https://www.theguardian.com/business/grogonomics/2024/oct/24/australia-unemployment-rate-september-jobless-figures
23/10/2024,Business,Lloyds backs Reeves budget plans despite mooted tax increases,0.9965,Positive,https://www.theguardian.com/business/2024/oct/23/lloyds-backs-reeves-budget-plans-despite-mooted-tax-increases
23/10/2024,Business,Boeing CEO promises ‘fundamental’ culture shift as strike vote begins,0.9945,Positive,https://www.theguardian.com/business/2024/oct/23/boeing-earnings-ceo-plan
23/10/2024,Business,UK watchdog formally investigates Carlsberg’s £3.3bn takeover of Britvic,0.9904,Positive,https://www.theguardian.com/business/2024/oct/23/carlsberg-britvic-takeover-uk-watchdog-cma-investigates
23/10/2024,Business,New Starbucks boss to shake up ‘overly complex’ menu to win back customers,0.7675,Positive,https://www.theguardian.com/business/2024/oct/23/starbucks-brian-niccol-menu-coffee
23/10/2024,Business,Sellafield cleanup cost rises to £136bn amid tensions with Treasury,0.898,Positive,https://www.theguardian.com/business/2024/oct/23/sellafield-cleanup-cost-136bn-national-audit-office
23/10/2024,Business,Woolworths and Coles blame suppliers and ‘outbreak of high inflation’ in fake discounts case,0.9672,Positive,https://www.theguardian.com/business/2024/oct/23/woolworths-coles-federal-court-trial-supplier-price-increases
02/10/2024,Business,Global supply chains are under pressure again. Will inflation start rising?,-0.9986,Negative,https://www.theguardian.com/business/2024/oct/02/global-supply-chains-are-under-pressure-again-will-inflation-start-rising
02/10/2024,Business,Starling Bank is simply not fit to float | Nils Pratley,-0.9817,Negative,https://www.theguardian.com/business/nils-pratley-on-finance/2024/oct/02/starling-bank-simply-not-fit-to-float
02/10/2024,Business,"Sellafield ordered to pay nearly £400,000 over cybersecurity failings",-0.9358,Negative,https://www.theguardian.com/business/2024/oct/02/sellafield-ordered-to-pay-nearly-400000-over-cybersecurity-failings
02/10/2024,Business,Plibersek’s coalmine decision is double trouble for climate and housing | Grogonomics,0.9888,Positive,https://www.theguardian.com/business/grogonomics/2024/oct/03/tanya-plibersek-coalmine-decision-climate-housing-emissions
02/10/2024,Business,Starling Bank fined £29m for ‘shockingly lax’ financial crime controls,-0.996,Negative,https://www.theguardian.com/business/2024/oct/02/starling-bank-fined-29m-for-shockingly-lax-financial-controls
02/10/2024,Business,JD Sports’ UK business hit by bad weather and Red Sea disruption,0.9331,Positive,https://www.theguardian.com/business/2024/oct/02/jd-sports-uk-business-bad-weather-red-sea-disruption
02/10/2024,Business,Overcrowding at London’s Euston station ‘puts passengers in danger’,-0.9348,Negative,https://www.theguardian.com/business/2024/oct/02/overcrowding-at-london-euston-station-puts-passengers-in-danger
02/10/2024,Business,Veteran Harrods executive drops plan to head Fenwick amid Al Fayed controversy,-0.9595,Negative,https://www.theguardian.com/business/2024/oct/02/veteran-harrods-executive-drops-plan-to-head-fenwick-amid-al-fayed-controversy
01/10/2024,Business,Nike postpones investor meeting after hiring new boss amid falling sales,0.9871,Positive,https://www.theguardian.com/business/2024/oct/01/nike-financial-guidance-ceo-change-falling-sales
01/10/2024,Business,Financial markets could still avoid panic amid oil price risk in Middle East crisis,-0.9635,Negative,https://www.theguardian.com/business/2024/oct/01/financial-markets-oil-price-risk-middle-east-crisis
01/10/2024,Business,"Private equity firms ploughing billions into fossil fuels, analysis reveals",0.9493,Positive,https://www.theguardian.com/business/2024/oct/01/private-equity-firms-us-pensions-fossil-fuel-projects
01/10/2024,Business,‘Huge losses’: Sweden fears for future of batterymaker Northvolt,-0.2464,Negative,https://www.theguardian.com/business/2024/oct/01/sweden-fears-for-future-of-batterymaker-northvolt
01/10/2024,Business,Garden centre chain Dobbies to shut 17 stores as part of restructuring plan ,0.9403,Positive,https://www.theguardian.com/business/2024/oct/01/garden-centre-chain-dobbies-shut-stores-restructuring-plan
01/10/2024,Business,Greggs says it has no plans for more price rises as sales slow,0.526,Positive,https://www.theguardian.com/business/2024/oct/01/greggs-price-rises-sales-shares
01/10/2024,Business,Calls for failing English water firms to be taken over using special administration,-0.8721,Negative,https://www.theguardian.com/business/2024/oct/01/calls-failing-english-water-firms-taken-over-special-administration
01/10/2024,Business,Mulberry rejects £83m takeover bid from Mike Ashley’s Frasers Group,0.8689,Positive,https://www.theguardian.com/business/2024/oct/01/mulberry-rejects-takeover-bid-mike-ashley-frasers-group
01/10/2024,Business,The man in charge of Labour’s green energy dream: ‘It’s at the limit of what’s achievable’,0.9991,Positive,https://www.theguardian.com/business/2024/oct/01/the-man-in-charge-of-labours-green-energy-dream-its-at-the-limit-of-whats-achievable
01/10/2024,Business,UK unions fear not all staff will get fair share as tip-sharing law comes into force,0.9436,Positive,https://www.theguardian.com/business/2024/oct/01/uk-unions-fear-not-all-staff-fair-share-tip-sharing-law
28/10/2024,Business,"Cheese firm hails ‘overwhelming’ response after £300,000 theft",0.9768,Positive,https://www.theguardian.com/business/2024/oct/28/cheese-firm-neals-yard-dairy-overwhelming-response-cheddar-300000-theft
28/10/2024,Business,Boeing to raise up to $19bn amid costly strike and safety crisis,-0.9828,Negative,https://www.theguardian.com/business/2024/oct/28/boeing-raise-strike-safety-crisis-sell-shares
28/10/2024,Business,Good Energy receives takeover approach from UAE-linked firm,0.9915,Positive,https://www.theguardian.com/business/2024/oct/28/good-energy-takeover-approach-renewable-energy-esyasoft
28/10/2024,Business,Lloyds ‘assessing’ impact of landmark court ruling on car loans,0.9528,Positive,https://www.theguardian.com/business/2024/oct/28/lloyds-court-ruling-black-horse-compensation
28/10/2024,Business,"Volkswagen to shut three factories, axe jobs and cut pay by 10%, says union",-0.8534,Negative,https://www.theguardian.com/business/2024/oct/28/volkswagen-shut-three-factories-cut-thousands-jobs-union
28/10/2024,Business,"Wise boss fined £350,000 for not telling FCA he had failed to pay tax",0.9844,Positive,https://www.theguardian.com/business/2024/oct/28/wise-ceo-fca-tax-payments-kristo-kaarmann
28/10/2024,Business,Reeves’s radical change to fiscal rules could go further – New Zealand shows how,0.9911,Positive,https://www.theguardian.com/business/2024/oct/28/reevess-radical-change-to-fiscal-rules-could-go-further-new-zealand-shows-how
28/10/2024,Business,Cushy Qantas perks in Chairman’s Lounge book shine spotlight on travel habits of Albanese and others,0.9975,Positive,https://www.theguardian.com/business/2024/oct/28/anthony-albanese-qantas-flight-upgrades-claims-chairmans-lounge
28/10/2024,Business,Reeves urged not to cut Sellafield funds amid concern at rise in ‘near misses’,0.9337,Positive,https://www.theguardian.com/business/2024/oct/28/sellafield-work-accidents-reeves-budget
28/10/2024,Business,"Creaking public services are costing companies in absent staff, employers tell TUC",0.872,Positive,https://www.theguardian.com/business/2024/oct/28/creaking-public-services-are-costing-companies-in-absent-staff-employers-tell-tuc
28/10/2024,Business,Pubs and restaurants warn of closures if taxes rise and business rates relief ends,0.9681,Positive,https://www.theguardian.com/business/2024/oct/28/pubs-and-restaurants-warn-of-closures-if-taxes-rise-and-business-rates-relief-ends
28/10/2024,Business,"Force food firms to disclose products’ health ratings, industry boss urges",0.9935,Positive,https://www.theguardian.com/business/2024/oct/28/food-firms-health-ratings-obesity-stefan-descheemaeker
28/10/2024,Business,London’s Aim shrinks to smallest since 2001 amid fears of tax relief changes,0.989,Positive,https://www.theguardian.com/business/2024/oct/28/london-aim-delistings-budget-inheritance-tax-relief
11/10/2024,Business,Tesla’s value drops $60bn after investors fail to hail self-driving ‘Cybercab’,0.2878,Positive,https://www.theguardian.com/business/2024/oct/11/teslas-value-drops-60bn-after-self-driving-cybercab-fails-to-excite-investors
11/10/2024,Business,"Boeing to cut 17,000 jobs amid worker strike and crisis over plane safety",-0.875,Negative,https://www.theguardian.com/business/2024/oct/11/boeing-job-cuts-worker-strike-plane-safety
11/10/2024,Business,P&O Ferries’ owner pulls news of £1bn port investment after ministers criticise firm,0.9473,Positive,https://www.theguardian.com/business/2024/oct/11/p0-ferries-owner-pulls-news-of-1bn-port-investment-after-ministers-criticise-firm
11/10/2024,Business,"US oversight of Boeing airplane production inadequate, watchdog says",0.8975,Positive,https://www.theguardian.com/business/2024/oct/11/boeing-airline-faa-report
11/10/2024,Business,Ratan Tata obituary,0.9967,Positive,https://www.theguardian.com/business/2024/oct/11/ratan-tata-obituary
11/10/2024,Business,Independent gyms jump into gaps in UK high street amid shift to local living,0.9954,Positive,https://www.theguardian.com/business/2024/oct/11/independent-gyms-jump-into-gaps-in-uk-high-street-amid-shift-to-local-living
11/10/2024,Business," ‘Clearly unintimidating, obviously gay’: the queer tattoo artists imagining a more welcoming space",0.998,Positive,https://www.theguardian.com/business/2024/oct/11/lgbt-tattoo-baltimore-fruit-camp
11/10/2024,Business,Rachel Reeves spends first 100 days in power trying to ride two horses,0.983,Positive,https://www.theguardian.com/business/2024/oct/11/rachel-reeves-first-100-days-public-finances-growth-analysis
11/10/2024,Business,"Politicians’ proposals would only minimally lower US drug prices, says report",0.9108,Positive,https://www.theguardian.com/business/2024/oct/11/us-drug-prices-policy
11/10/2024,Business,Mike Ashley’s Frasers Group takes £10m stake in online retailer THG,0.9951,Positive,https://www.theguardian.com/business/2024/oct/11/mike-ashley-frasers-group-takes-stake-in-online-retailer-thg
11/10/2024,Business,UK economy returns to growth in boost to Rachel Reeves before budget,0.9924,Positive,https://www.theguardian.com/business/2024/oct/11/uk-economy-returns-to-growth-in-boost-to-rachel-reeves-before-budget
11/10/2024,Business,Not all credit goes to Ratan Tata – but he did shape investment in UK steel and JLR | Nils Pratley,0.9566,Positive,https://www.theguardian.com/business/nils-pratley-on-finance/2024/oct/11/not-all-the-credit-goes-to-ratan-tata-but-he-did-shape-investment-in-uk-steel-and-jlr
30/10/2024,Business,Lloyds suspends commission payments after ‘seismic’ ruling on UK car finance,-0.6384,Negative,https://www.theguardian.com/business/2024/oct/30/lloyds-suspends-commission-payments-after-seismic-ruling-on-uk-car-finance
30/10/2024,Business,Labor’s actions to lower inflation have worked – so why is the RBA unlikely to cut interest rates next week? | Grogonomics,0.9964,Positive,https://www.theguardian.com/business/grogonomics/2024/oct/31/labor-inflation-energy-rebates-rba-interest-rates-cuts
30/10/2024,Business,US economy continues to grow at robust rate days before presidential election,0.7269,Positive,https://www.theguardian.com/business/2024/oct/30/us-inflation-gdp
30/10/2024,Business,Nuclear submarine shipyard fire at Barrow-in-Furness leaves two in hospital,-0.9884,Negative,https://www.theguardian.com/business/2024/oct/30/nuclear-submarine-shipyard-fire-at-barrow-in-furness-leaves-two-in-hospital
30/10/2024,Business,Volkswagen hit by 60% fall in profits as sales in China slump,0.9801,Positive,https://www.theguardian.com/business/2024/oct/30/volkswagen-hit-by-fall-in-profits-sales-in-china-slump
30/10/2024,Business,Mining firm BHP says it has ‘moved on’ from failed Anglo American bid,0.9179,Positive,https://www.theguardian.com/business/2024/oct/30/mining-firm-bhp-says-it-has-moved-on-from-failed-anglo-american-bid
30/10/2024,Business,Woolworths profits hit as cost-of-living squeeze pushes Australians to cheaper products,-0.8998,Negative,https://www.theguardian.com/business/2024/oct/30/woolworths-profits-financial-results-october
30/10/2024,Business,"Australia’s annual inflation sinks to 2.8%, the lowest rate in more than three years, increasing chance of rate relief",0.5439,Positive,https://www.theguardian.com/business/2024/oct/30/australia-annual-inflation-rate-september-quarter-cpi-interest-rates
16/10/2024,Business,"Great British Energy can become a major power generator, says its chair",0.9973,Positive,https://www.theguardian.com/business/2024/oct/16/gb-energy-can-become-a-major-power-generator-says-its-chief-executive
16/10/2024,Business,BrewDog reveals losses doubled to £59m in final year under co-founder,0.9925,Positive,https://www.theguardian.com/business/2024/oct/16/brewdog-losses-double-to-59m-final-year-co-founder-james-watt-budget
16/10/2024,Business,Louis Vuitton owner LVMH reports surprise sales drop amid China slowdown,0.4275,Positive,https://www.theguardian.com/business/2024/oct/16/louis-vuitton-owner-lvmh-surprise-sales-drop-china-slowdown
16/10/2024,Business,Here’s a way to fix Australia’s skills shortage – and raise wages at the same time | Greg Jericho,-0.8981,Negative,https://www.theguardian.com/business/grogonomics/2024/oct/17/australia-economy-cost-of-living-wages-growth-unemployment-stats
16/10/2024,Business,Ryanair boss and IATA’s Willie Walsh sound alarm over Boeing delays,-0.9473,Negative,https://www.theguardian.com/business/2024/oct/16/ryanair-cuts-traffic-estimates-for-2025-as-aircraft-deliveries-delayed
16/10/2024,Business,UK landlords rush to sell amid fears of capital gains tax rise in budget,-0.0231,Neutral,https://www.theguardian.com/business/2024/oct/16/uk-landlords-rush-to-sell-ahead-of-budgets-possible-capital-gains-tax-rise
16/10/2024,Business,Greggs to open champagne bar ‘inspired by 1920s Paris wine bars’,0.9968,Positive,https://www.theguardian.com/business/2024/oct/16/greggs-to-open-champagne-bar-inspired-by-1920s-paris-wine-bars
16/10/2024,Business,USPS accused of retaliation and harassment after employee raised racism allegations,-0.9994,Negative,https://www.theguardian.com/business/2024/oct/16/usps-employee-racism-retaliation-harrassment
16/10/2024,Business,Premier Inn owner Whitbread ramps up cost-cutting plans as tax rise looms,0.6952,Positive,https://www.theguardian.com/business/2024/oct/16/premier-inn-owner-whitbread-ramps-up-cost-cutting-plans-as-tax-rise-looms
16/10/2024,Business,UK inflation falls below 2% for first time since 2021 in boost to Rachel Reeves,0.9864,Positive,https://www.theguardian.com/business/2024/oct/16/uk-inflation-bank-of-england-interest-rates
16/10/2024,Business,UK inflation surprise opens up wriggle room for lower rates and less painful budget,0.886,Positive,https://www.theguardian.com/business/2024/oct/16/sharp-inflation-drop-gives-green-light-to-more-aggressive-bank-of-england-rate-cuts
16/10/2024,Business,Chancellor summons City bosses to No 11 for infrastructure taskforce relaunch,0.9761,Positive,https://www.theguardian.com/business/2024/oct/16/rachel-reeves-city-infrastructure-taskforce
16/10/2024,Business,"Water industry ownership should be decided by citizens’ assembly, new bill says",0.9794,Positive,https://www.theguardian.com/business/2024/oct/16/water-industry-public-ownership-citizens-assembly-labour-bill
16/10/2024,Business,Inflation expectations can be self-fulfilling. Here’s why that matters for Australia,0.3886,Positive,https://www.theguardian.com/business/2024/oct/16/australia-inflation-expectations-interest-rates-economy-rba
21/10/2024,Business,UK watchdog interviews 20 social media ‘finfluencers’ under caution,0.9186,Positive,https://www.theguardian.com/business/2024/oct/22/uk-watchdog-interviews-20-social-media-finfluencers-under-caution
21/10/2024,Business,Lord Leitch obituary,0.9962,Positive,https://www.theguardian.com/business/2024/oct/21/lord-leitch-obituary
21/10/2024,Business,Disney says it will name CEO Bob Iger’s second successor in 2026,0.992,Positive,https://www.theguardian.com/business/2024/oct/21/disney-ceo-replace-bob-iger
21/10/2024,Business,"UK interest rates to fall to 2.75% by next autumn, Goldman Sachs predicts",0.7964,Positive,https://www.theguardian.com/business/2024/oct/21/uk-interest-rates-fall-next-autumn-goldman-sachs-predicts
21/10/2024,Business,"More than 20 foods recalled over peanut fears, says UK watchdog",0.2617,Positive,https://www.theguardian.com/business/2024/oct/21/20-foods-recalled-peanut-fears-uk-watchdog-domino-bbq-meat
21/10/2024,Business,WH Smith to stock vinyl albums for first time since 1990s,0.9561,Positive,https://www.theguardian.com/business/2024/oct/21/wh-smith-to-stock-vinyl-albums-for-first-time-since-1990s
21/10/2024,Business,VW fined £5.4m for mistreating vulnerable UK car finance customers,-0.9961,Negative,https://www.theguardian.com/business/2024/oct/21/vw-volkswagen-compensation-fine-lender-fca-customers
21/10/2024,Business,France warns US buyer of Sanofi division of penalties for shifting production abroad,0.9792,Positive,https://www.theguardian.com/business/2024/oct/21/france-to-take-stake-in-sanofi-unit-to-quell-backlash-over-sale-to-us-firm
21/10/2024,Business,"Serial returners send back £6.6bn of online purchases a year in UK, report finds",-0.9688,Negative,https://www.theguardian.com/business/2024/oct/21/serial-returners-send-back-66bn-of-online-purchases-a-year-in-uk-report-finds
21/10/2024,Business,"Qantas ordered to pay $170,000 to three workers illegally sacked at start of pandemic",-0.837,Negative,https://www.theguardian.com/business/2024/oct/21/qantas-baggage-handlers-illegally-sacked-payout-federal-court
12/10/2024,Business,Starmer steps into cabinet row over P&O to rescue global summit in London,-0.9451,Negative,https://www.theguardian.com/business/2024/oct/12/starmer-louise-haigh-p-and-o-rescue-global-summit-london
12/10/2024,Business,P&O owner to attend UK investment summit despite minister’s criticism,0.6053,Positive,https://www.theguardian.com/business/2024/oct/12/keir-starmer-rebukes-transport-secretary-po-ferries-rogue-operator
12/10/2024,Business,Calls for investigation of Uber Eats and Deliveroo after raid on Bristol caravan camp ,0.8205,Positive,https://www.theguardian.com/business/2024/oct/12/calls-for-investigation-of-uber-eats-and-deliveroo-after-raid-on-bristol-caravan-camp
12/10/2024,Business,Private equity barons lean on Rachel Reeves to water down proposals for higher taxes,0.9994,Positive,https://www.theguardian.com/business/2024/oct/12/private-equity-barons-lean-on-rachel-reeves-to-water-down-proposals-for-higher-taxes
12/10/2024,Business,England’s hair salons face recruitment crisis as gen Z shuns profession,0.994,Positive,https://www.theguardian.com/business/2024/oct/12/england-hairdressers-salons-recruitment-crisis-gen-z-shuns-profession
14/10/2024,Business,Elton John and Michelin meals: Labour pulls out all the stops to woo investors,0.9971,Positive,https://www.theguardian.com/business/2024/oct/14/elton-john-michelin-meals-labour-pulls-out-stops-woo-investors
14/10/2024,Business,UK’s new industrial strategy shows welcome signs of pragmatism. But the watchdog must have teeth | Nils Pratley,0.9941,Positive,https://www.theguardian.com/business/nils-pratley-on-finance/2024/oct/14/uks-industrial-strategy-rachel-reeves
14/10/2024,Business,"Euston, we have a problem. But HS2 can solve it | Letters",0.9985,Positive,https://www.theguardian.com/business/2024/oct/14/euston-we-have-a-problem-but-hs2-can-solve-it
14/10/2024,Business,Vauxhall owner to make decision on future of UK plants ‘in next few weeks’,-0.9858,Negative,https://www.theguardian.com/business/2024/oct/14/vw-peugeot-electric-vehicles-stellantis-paris-motor-show
14/10/2024,Business,Rolling stock firm’s £80m dividend payout fuels calls for UK rail nationalisation,0.9271,Positive,https://www.theguardian.com/business/2024/oct/14/porterbrook-rolling-stock-firm-dividend-uk-rail-nationalisation-calls
14/10/2024,Business,"Delta ex-flight attendant files lawsuit alleging retaliation, sexual harassment",-0.9925,Negative,https://www.theguardian.com/business/2024/oct/14/delta-flight-attendant-lawsuit
14/10/2024,Business,Water firm blocks drinks-makers in Suffolk from expanding supply,0.9919,Positive,https://www.theguardian.com/business/2024/oct/14/water-supply-small-companies-drinks-makers-suffolk
14/10/2024,Business,Oysters are back on British menu – but will red tape stifle the shellfish boom?,0.9471,Positive,https://www.theguardian.com/business/2024/oct/14/oysters-are-back-on-british-menu-but-will-red-tape-stifle-the-shellfish-boom
14/10/2024,Business,Who will attend the UK investment summit and what is on the agenda?,0.9806,Positive,https://www.theguardian.com/business/2024/oct/14/who-will-attend-uk-investment-summit-agenda
09/10/2024,Business,"Labour needs £25bn a year in tax rises to rebuild public services, warns IFS",0.9919,Positive,https://www.theguardian.com/business/2024/oct/10/labour-needs-25bn-a-year-in-tax-rises-to-rebuild-public-services-warns-ifs
09/10/2024,Business,Indian tycoon Ratan Tata dies at age 86,0.9974,Positive,https://www.theguardian.com/business/2024/oct/09/indian-tycoon-ratan-tata-dies-at-age-86
09/10/2024,Business,GSK strikes $2.2bn deal to resolve legal cases in US over heartburn treatment Zantac,0.6812,Positive,https://www.theguardian.com/business/2024/oct/09/gsk-strikes-22bn-deal-to-resolve-legal-cases-in-us-over-heartburn-treatment-zantac
09/10/2024,Business,New UK laws to stop repeat of P&O mass sackings scandal go before parliament,0.971,Positive,https://www.theguardian.com/business/2024/oct/09/new-uk-law-stop-repeat-of-p-and-o-mass-sackings-scandal-go-before-parliament
09/10/2024,Business,"Don’t indulge the Thames Water whingers next week, prime minister | Nils Pratley",-0.7089,Negative,https://www.theguardian.com/business/nils-pratley-on-finance/2024/oct/09/dont-indulge-the-thames-water-whingers-next-week-prime-minister
09/10/2024,Business,People in the US: how do you feel about the economy and cost of living?,0.8429,Positive,https://www.theguardian.com/business/2024/oct/09/people-in-the-us-how-is-inflation-still-affecting-you
09/10/2024,Business,Post Office boss Nick Read tells inquiry no employee is above the law,-0.8905,Negative,https://www.theguardian.com/business/2024/oct/09/post-office-boss-nick-read-horizon-inquiry-no-employee-above-law
09/10/2024,Business,Plastic tub gets the snub as Nestlé tests paper container for Quality Street,0.9917,Positive,https://www.theguardian.com/business/2024/oct/09/nestle-tests-paper-container-for-quality-street-plastic-tub-christmas
09/10/2024,Business,Chinese stocks suffer worst fall in 27 years over growth concerns,-0.818,Negative,https://www.theguardian.com/world/2024/oct/09/chinese-stocks-suffer-worst-fall-in-27-years-over-growth-concerns
09/10/2024,Business,Boeing withdraws 30% pay rise offer to striking workers amid stalemate,0.9556,Positive,https://www.theguardian.com/business/2024/oct/09/boeing-withdraws-30-pay-rise-offer-as-negotiation-with-striking-workers-reaches-stalemate
09/10/2024,Business,Rio Tinto to buy US lithium producer Arcadium in $6.7bn deal,0.9282,Positive,https://www.theguardian.com/business/2024/oct/09/rio-tinto-to-buy-us-lithium-producer-arcadium
